<?xml version="1.0" encoding="UTF-8"?>
<!DOCTYPE suite SYSTEM "https://testng.org/testng-1.0.dtd">
<suite name="Suite" >


<listeners>
	<listener class-name="com.qa.ExtentReportListener.ExtentReporterNG"/>
</listeners>

  <test thread-count="5"  name="Test">
    <classes>
     <class name="com.asaprocessservices.qa.testcases.LoginPageTest"/>
     <class name="com.asaprocessservices.qa.testcases.ViewAllJobPageTest"/>
     <class name="com.asaprocessservices.qa.testcases.DashboardPageTest"/>
    </classes>
  </test> <!-- Test -->
</suite> <!-- Suite -->
